"Qty";"Value";"Device";"Package";"Parts";"Description";"DESCRIPTION";"HEIGHT";"MANUFACTURER_NAME";"MANUFACTURER_PART_NUMBER";"MOUSER_PART_NUMBER";"MOUSER_PRICE-STOCK";"MPN";"OC_FARNELL";"OC_NEWARK";"PACKAGE";"POPULARITY";"SPICEPREFIX";"SUPPLIER";
"1";"";"DO41.3";"DO41-3";"D1";"1N400x, 1N5817";"";"";"";"";"";"";"";"";"";"";"";"";"";
"2";"100k";"R-US_0204/7";"0204/7";"R1, R9";"RESISTOR, American symbol";"";"";"";"";"";"";"";"";"";"";"";"R";"";
"1";"100n";"C-EU050-025X075";"C050-025X075";"C21";"CAPACITOR, European symbol";"";"";"";"";"";"";"";"";"";"";"29";"C";"";
"1";"100u";"CPOL-USE2.5-6";"E2,5-6";"C17";"POLARIZED CAPACITOR, American symbol";"";"";"";"";"";"";"";"";"";"";"";"C";"";
"2";"10R";"R-US_0204/7";"0204/7";"R5, R6";"RESISTOR, American symbol";"";"";"";"";"";"";"";"";"";"";"";"R";"";
"4";"10u";"CPOL-USE2.5-6";"E2,5-6";"C4, C6, C18, C19";"POLARIZED CAPACITOR, American symbol";"";"";"";"";"";"";"";"";"";"";"";"C";"";
"1";"150R";"R-US_0204/7";"0204/7";"R4";"RESISTOR, American symbol";"";"";"";"";"";"";"";"";"";"";"";"R";"";
"1";"1M";"R-US_0204/7";"0204/7";"R2";"RESISTOR, American symbol";"";"";"";"";"";"";"";"";"";"";"";"R";"";
"1";"1N4148-2";"1N4148-2";"DO35-2";"D3";"Fast Switching Diode";"";"";"";"";"";"";"";"";"";"";"";"";"";
"1";"1n";"C-EU050-025X075";"C050-025X075";"C2";"CAPACITOR, European symbol";"";"";"";"";"";"";"";"";"";"";"29";"C";"";
"1";"1u";"C-EU050-025X075";"C050-025X075";"C9";"CAPACITOR, European symbol";"";"";"";"";"";"";"";"";"";"";"29";"C";"";
"5";"1u";"C-EU050-050X075";"C050-050X075";"C3, C8, C14, C15, C16";"CAPACITOR, European symbol";"";"";"";"";"";"";"";"";"";"";"1";"C";"";
"1";"220R";"R-US_0204/7";"0204/7";"R10";"RESISTOR, American symbol";"";"";"";"";"";"";"";"";"";"";"";"R";"";
"1";"220k";"R-US_0204/7";"0204/7";"R15";"RESISTOR, American symbol";"";"";"";"";"";"";"";"";"";"";"";"R";"";
"6";"22k";"R-US_0204/7";"0204/7";"R3, R11, R14, R16, R17, R20";"RESISTOR, American symbol";"";"";"";"";"";"";"";"";"";"";"";"R";"";
"5";"22n";"C-EU050-025X075";"C050-025X075";"C1, C5, C12, C13, C20";"CAPACITOR, European symbol";"";"";"";"";"";"";"";"";"";"";"29";"C";"";
"1";"2k2";"R-US_0204/7";"0204/7";"R8";"RESISTOR, American symbol";"";"";"";"";"";"";"";"";"";"";"";"R";"";
"3";"3k3";"R-US_0204/7";"0204/7";"R7, R12, R19";"RESISTOR, American symbol";"";"";"";"";"";"";"";"";"";"";"";"R";"";
"1";"470p";"C-EU050-025X075";"C050-025X075";"C7";"CAPACITOR, European symbol";"";"";"";"";"";"";"";"";"";"";"29";"C";"";
"1";"47p";"C-EU050-025X075";"C050-025X075";"C22";"CAPACITOR, European symbol";"";"";"";"";"";"";"";"";"";"";"29";"C";"";
"1";"A100k";"16MM.1";"16MM_B.MOUNT";"VOL";"16mm Poteniometers";"";"";"";"";"";"";"";"";"";"";"";"";"";
"3";"B50k";"16MM.1";"16MM_B.MOUNT";"DWELL, MIX, TONE";"16mm Poteniometers";"";"";"";"";"";"";"";"";"";"";"";"";"";
"1";"LED.3";"LED.3";"3MM_2";"D2";"LEDs, all sizes";"";"";"";"";"";"";"";"";"";"";"";"";"";
"15";"LSP10";"LSP10";"LSP10";"+9V, GND, GND_IN, GND_OUT, IN, OUT, RR+, RR-, RS+, RS-, SW1A, SW1B, SW1C, SW2A, SW2B";"SOLDER PAD drill 1.0 mm, distributor Buerklin, 12H555";"";"";"";"";"";"";"";"";"";"";"";"";"";
"1";"MMBFJ112";"MMBFJ201";"SOT95P240X120-3N";"Q2";"N-Channel General Purpose Amplifier";"N-Channel General Purpose Amplifier";"1.2mm";"ON Semiconductor";"MMBFJ201";"512-MMBFJ201";"https://www.mouser.com/Search/Refine.aspx?Keyword=512-MMBFJ201";"";"";"";"";"";"";"";
"1";"MMBFJ201";"MMBFJ201";"SOT95P240X120-3N";"Q1";"N-Channel General Purpose Amplifier";"N-Channel General Purpose Amplifier";"1.2mm";"ON Semiconductor";"MMBFJ201";"512-MMBFJ201";"https://www.mouser.com/Search/Refine.aspx?Keyword=512-MMBFJ201";"";"";"";"";"";"";"";
"2";"NE5532N";"NE5532N";"DIL08";"IC1, IC2";"AUDIO AMPLIFIER";"";"";"";"";"";"";"";"";"";"";"";"";"";
"1";"RLED";"R-US_0204/7";"0204/7";"R18";"RESISTOR, American symbol";"";"";"";"";"";"";"";"";"";"";"";"R";"";
"1";"TC1044SCPA";"TC1044SCPA";"DIP254P762X508-8";"U1";"IC CHRG PUMP INV ADJ 20MA";"";"";"";"";"";"";"TC1044SCPA";"1196840";"92C5563";"8 - DIP";"";"";"Microchip";
